{
    "graph_metrics": {
        "average_clustering_coefficient": 0.20885170281860752,
        "diameter": 6,
        "edges": 103689,
        "effective_diameter_90_percentile": 4.0,
        "fraction_of_closed_triangles": 0.12547914899233995,
        "largest_scc": {
            "edges": 39458,
            "fraction_of_total_edges": 0.3805418125355631,
            "fraction_of_total_nodes": 0.18299367533380181,
            "nodes": 1302
        },
        "largest_wcc": {
            "edges": 103663,
            "fraction_of_total_edges": 0.9997492501615408,
            "fraction_of_total_nodes": 0.9931131412508785,
            "nodes": 7066
        },
        "nodes": 7115,
        "triangles": 608389
    }
}